{
"recall": 0.9778869778869779,
"precision": 0.9827160493827161,
"latency": 4.2634084,
"ocr_total": 50,
"ocr_error": 1,
"ocr_missed": 0,
"ocr_miss_rate": 0.0,
"ocr_normal": 0.98
}